tittle,feature
"馒头","高热量"
"燕麦片","高热量"
"燕麦片","高糖"
"燕麦片","高蛋白"
"燕麦片","高纤维"
"油条","高热量"
"油条","高糖"
"花卷","高热量"
"包子(猪肉馅)","高热量"
"面包","高热量"
"面包","高糖"
"麦片","高热量"
"麦片","高糖"
"麦片","高蛋白"
"麦片","高纤维"
"水果玉米","高纤维"
"饺子","高热量"
"桂格 即食燕麦片(经典原味)","高热量"
"桂格 即食燕麦片(经典原味)","高糖"
"桂格 即食燕麦片(经典原味)","高蛋白"
"桂格 即食燕麦片(经典原味)","高纤维"
"大米","高热量"
"大米","高糖"
"珍珠玉米","高纤维"
"方便面","高热量"
"方便面","高糖"
"方便面","高脂肪"
"甜玉米","高纤维"
"面包世家 全麦欧包","高蛋白"
"面包世家 全麦欧包","高纤维"
"面条(生)","高热量"
"面条(生)","高糖"
"饺子/馄饨(半荤)","高热量"
"饺子/馄饨(荤馅)","高热量"
"麦当劳 双层吉士汉堡","高热量"
"麦当劳 双层吉士汉堡","高蛋白"
"意大利面(通心粉)","高热量"
"意大利面(通心粉)","高糖"
"意大利面(通心粉)","高蛋白"
"桃李 醇熟切片面包","高热量"
"油饼","高热量"
"油饼","高脂肪"
"粉丝(干)","高热量"
"粉丝(干)","高糖"
"三明治(夹鸡蛋、干酪)","高热量"
"三明治(夹鸡蛋、干酪)","高蛋白"
"红豆","高热量"
"红豆","高糖"
"红豆","高蛋白"
"红豆","高纤维"
"比萨饼(夹奶酪、肉和蔬菜)","高热量"
"比萨饼(夹奶酪、肉和蔬菜)","高蛋白"
"糙米","高热量"
"糙米","高糖"
"牛角面包","高热量"
"牛角面包","高糖"
"米粉(干)","高热量"
"米粉(干)","高糖"
"包子(三鲜馅)","高热量"
"籼米粉","高热量"
"籼米粉","高糖"
"肯德基 香辣鸡腿堡","高热量"
"肯德基 香辣鸡腿堡","高蛋白"
"三明治(夹火腿、干酪)","高热量"
"三明治(夹火腿、干酪)","高蛋白"
"黑米","高热量"
"黑米","高糖"
"黑米","高纤维"
"单层汉堡(夹肉饼，加调料酱和蔬菜)","高热量"
"单层汉堡(夹肉饼，加调料酱和蔬菜)","高蛋白"
"麦当劳 麦辣鸡腿汉堡","高热量"
"麦当劳 麦辣鸡腿汉堡","高蛋白"
"小米","高热量"
"小米","高糖"
"烙饼","高热量"
"烙饼","高糖"
"挂面","高热量"
"挂面","高糖"
"挂面","高蛋白"
"曼可顿 全麦高纤维面包","高热量"
"曼可顿 全麦高纤维面包","高蛋白"
"曼可顿 全麦高纤维面包","高纤维"
"麦当劳 那么大鸡排","高热量"
"麦当劳 那么大鸡排","高蛋白"
"麦当劳 原味板烧鸡腿堡","高热量"
"麦当劳 原味板烧鸡腿堡","高蛋白"
"藜麦","高热量"
"藜麦","高糖"
"藜麦","高蛋白"
"藜麦","高纤维"
"魔芋丝-关东煮","低热量"
"黑芝麻汤圆","高热量"
"鹰嘴豆(熟)","高纤维"
"世壮 即食燕麦保健片","高热量"
"世壮 即食燕麦保健片","高糖"
"世壮 即食燕麦保健片","高蛋白"
"世壮 即食燕麦保健片","高纤维"
"拉面","高热量"
"拉面","高糖"
"麦田村 牌 荞麦面","高热量"
"麦田村 牌 荞麦面","高糖"
"麦田村 牌 荞麦面","高蛋白"
"黄油面包","高热量"
"黄油面包","高糖"
"红烧牛肉方便面(面饼+调味料+蔬菜+肉酱)","高热量"
"红烧牛肉方便面(面饼+调味料+蔬菜+肉酱)","高糖"
"红烧牛肉方便面(面饼+调味料+蔬菜+肉酱)","高蛋白"
"早早麦 水果燕麦片(苹果葡萄口味)","高热量"
"早早麦 水果燕麦片(苹果葡萄口味)","高糖"
"超级 麦片不加蔗糖麦片","高热量"
"超级 麦片不加蔗糖麦片","高糖"
"Gardenia 全麦面包","高热量"
"Gardenia 全麦面包","高蛋白"
"Gardenia 全麦面包","高纤维"
"Naturegut 纯生物全麦面粉","高热量"
"Naturegut 纯生物全麦面粉","高糖"
"Naturegut 纯生物全麦面粉","高蛋白"
"小麦粉(富强粉，特一粉)","高热量"
"小麦粉(富强粉，特一粉)","高糖"
"小麦粉(富强粉，特一粉)","高蛋白"
"Gilgen 法式长面包","高热量"
"该粉","高热量"
"该粉","高糖"
"星巴克 全麦面包圈","高热量"
"星巴克 全麦面包圈","高糖"
"星巴克 全麦面包圈","高蛋白"
"星巴克 全麦面包圈","高纤维"
"President's Choice 总统之选 总统的选择 夏巴塔香肠小面包","高热量"
"President's Choice 总统之选 总统的选择 夏巴塔香肠小面包","高糖"
"President's Choice 总统之选 总统的选择 夏巴塔香肠小面包","高纤维"
"博大 荞麦面","高热量"
"博大 荞麦面","高糖"
"绿豆(干)","高热量"
"绿豆(干)","高糖"
"绿豆(干)","高蛋白"
"绿豆(干)","高纤维"
"水面筋(泡发后)","高蛋白"
"麦当劳 猪柳蛋麦满分","高热量"
"麦当劳 猪柳蛋麦满分","高蛋白"
"小麦面粉(特制)","高热量"
"小麦面粉(特制)","高糖"
"小麦面粉(特制)","高蛋白"
"麦当劳 火腿扒麦满分","高热量"
"麦当劳 火腿扒麦满分","高蛋白"
"Bonarea 龙利鱼","高蛋白"
"桂花藕粉","高热量"
"桂花藕粉","高糖"
"麦当劳 巨无霸汉堡","高热量"
"麦当劳 巨无霸汉堡","高蛋白"
"肯德基 新奥尔良烤鸡腿堡","高热量"
"肯德基 新奥尔良烤鸡腿堡","高蛋白"
"餐包","高热量"
"餐包","高糖"
"玉米淀粉","高热量"
"玉米淀粉","高糖"
"薄荷健康 高纤奇亚籽全麦苏打饼干","高热量"
"薄荷健康 高纤奇亚籽全麦苏打饼干","高糖"
"薄荷健康 高纤奇亚籽全麦苏打饼干","高蛋白"
"薄荷健康 高纤奇亚籽全麦苏打饼干","高纤维"
"紫米","高热量"
"紫米","高糖"
"味都 荞麦面","高热量"
"味都 荞麦面","高糖"
"味都 荞麦面","高蛋白"
"家乐福 红薯粉","高热量"
"家乐福 红薯粉","高糖"
"春卷","高热量"
"春卷","高脂肪"
"莫利 直身意大利面","高热量"
"莫利 直身意大利面","高糖"
"莫利 直身意大利面","高蛋白"
"曼可顿 超醇切片面包","高热量"
"曼可顿 超醇切片面包","高蛋白"
"鸡蛋","高蛋白"
"鸡胸肉","高蛋白"
"荷包蛋(油煎)","高蛋白"
"猪肉(瘦)","高蛋白"
"虾","高蛋白"
"鸡蛋(白皮)","高蛋白"
"鸡蛋(土鸡)","高蛋白"
"鸡腿","高蛋白"
"无油煎蛋","高蛋白"
"鸡肉","高蛋白"
"冻虾仁","高蛋白"
"鹌鹑蛋","高蛋白"
"去皮鸡腿","高蛋白"
"鸡蛋(红皮)","高蛋白"
"猪小排","高热量"
"猪小排","高脂肪"
"猪小排","高蛋白"
"火腿肠","高热量"
"火腿肠","高蛋白"
"水煮蛋白","高蛋白"
"巴沙鱼","高蛋白"
"牛肉(肥瘦)","高蛋白"
"酱牛肉","高热量"
"酱牛肉","高蛋白"
"麦当劳 麦辣鸡翅","高热量"
"麦当劳 麦辣鸡翅","高脂肪"
"麦当劳 麦辣鸡翅","高蛋白"
"鲑鱼(三文鱼)","高蛋白"
"基围虾","高蛋白"
"鸭蛋","高蛋白"
"猪肉(肥瘦)","高热量"
"猪肉(肥瘦)","高脂肪"
"猪肉(肥瘦)","高蛋白"
"羊肉串(烤)","高热量"
"羊肉串(烤)","高蛋白"
"火腿","高热量"
"火腿","高脂肪"
"火腿","高蛋白"
"鸭腿","高热量"
"鸭腿","高脂肪"
"鸭腿","高蛋白"
"烤鸡","高热量"
"烤鸡","高蛋白"
"鸡蛋黄","高热量"
"鸡蛋黄","高脂肪"
"鸡蛋黄","高蛋白"
"午餐肉","高热量"
"咸鸭蛋","高蛋白"
"牛肉干","高热量"
"牛肉干","高脂肪"
"牛肉干","高蛋白"
"香肠","高热量"
"香肠","高脂肪"
"香肠","高蛋白"
"鱼丸","高蛋白"
"鸭肉(家养，含皮和肉)","高热量"
"鸭肉(家养，含皮和肉)","高脂肪"
"鸭肉(家养，含皮和肉)","高蛋白"
"热狗肠","高热量"
"热狗肠","高脂肪"
"热狗肠","高蛋白"
"五花肉","高热量"
"五花肉","高脂肪"
"猪肝","高蛋白"
"羊肉(熟)","高热量"
"羊肉(熟)","高蛋白"
"鸭脖","高热量"
"鸭脖","高蛋白"
"鸡爪","高热量"
"鸡爪","高蛋白"
"猪肉松","高热量"
"猪肉松","高蛋白"
"麦当劳 麦乐鸡","高热量"
"麦当劳 麦乐鸡","高蛋白"
"大肉肠","高热量"
"大肉肠","高脂肪"
"大肉肠","高蛋白"
"爽肥牛 肥牛卷","高热量"
"爽肥牛 肥牛卷","高蛋白"
"草鱼","高蛋白"
"猪大骨头","高蛋白"
"鲈鱼","高蛋白"
"羊肉(肥瘦)","高热量"
"羊肉(肥瘦)","高蛋白"
"竹园 牌粗粉丝","高热量"
"竹园 牌粗粉丝","高糖"
"業務 魔芋卷","低热量"
"马铃薯全粉","高热量"
"马铃薯全粉","高糖"
"福隆 靓生粉","高热量"
"福隆 靓生粉","高糖"
"Sam Hak 韩式小年糕","低热量"
"雀巢 美极土豆泥爱逗杯(原味)","高热量"
"雀巢 美极土豆泥爱逗杯(原味)","高糖"
"雀巢 美极土豆泥爱逗杯(原味)","高纤维"
"MACARONI 通心粉","高热量"
"MACARONI 通心粉","高糖"
"MACARONI 通心粉","高蛋白"
"雪健 馒头用小麦粉","高热量"
"雪健 馒头用小麦粉","高糖"
"雪健 馒头用小麦粉","高蛋白"
"龙须 牌 红薯粉条","高热量"
"龙须 牌 红薯粉条","高糖"
"瓦罐鸡汤(纯肉)","高蛋白"
"墨鱼丸","高蛋白"
"猪血","高蛋白"
"仲夏夜 鸡胸肉丸 (原味)","高蛋白"
"海参","高蛋白"
"肯德基 香辣鸡翅","高热量"
"肯德基 香辣鸡翅","高脂肪"
"肯德基 香辣鸡翅","高蛋白"
"猪肉(肋条肉)","高热量"
"猪肉(肋条肉)","高脂肪"
"生蚝","高蛋白"
"脆皮肠","高热量"
"脆皮肠","高脂肪"
"脆皮肠","高蛋白"
"牛肉(腑肋)","高蛋白"
"咸鸭蛋(煮)","高蛋白"
"羊肉(瘦)","高蛋白"
"虾皮","高蛋白"
"黄鱼(小黄花鱼)","高蛋白"
"去皮鸭肉","高蛋白"
"金枪鱼(盐水浸)","高蛋白"
"酱鸭","高热量"
"酱鸭","高蛋白"
"梭子蟹","高蛋白"
"白姑鱼(鱼)","高蛋白"
"清炒空心菜","低热量"
"杂粮煎饼","高热量"
"杂粮煎饼","高蛋白"
"蒜蓉冬瓜","低热量"
"黑椒牛排","高蛋白"
"红烧排骨","高热量"
"清炒花菜","低热量"
"千层饼","高热量"
"奶油泡芙","高热量"
"奶油泡芙","高脂肪"
"汇润 魔芋丝 老","低热量"
"DovesFarm 面粉(self-raising)","高热量"
"DovesFarm 面粉(self-raising)","高糖"
"富亿农 小甘薯","高热量"
"富亿农 小甘薯","高纤维"
"张力生 切片年糕","高热量"
"张力生 切片年糕","高糖"
"王氏 红枣莲子藕粉","高热量"
"王氏 红枣莲子藕粉","高糖"
"乐购 PLAINFLOUR(中筋粉)","高热量"
"乐购 PLAINFLOUR(中筋粉)","高糖"
"乐购 PLAINFLOUR(中筋粉)","高蛋白"
"马玉山 食物纤维台湾香芋杯汤","高热量"
"马玉山 食物纤维台湾香芋杯汤","高糖"
"马玉山 食物纤维台湾香芋杯汤","高纤维"
"秋菊 牌水磨粘米粉","高热量"
"秋菊 牌水磨粘米粉","高糖"
"日阳 牌糯米粉","高热量"
"日阳 牌糯米粉","高糖"
"洲星 马蹄粉","高热量"
"洲星 马蹄粉","高糖"
"脱脂牛奶","低热量"
"德亚 脱脂牛奶","低热量"
"奶酪","高热量"
"奶酪","高脂肪"
"奶酪","高蛋白"
"脱脂奶粉","高热量"
"脱脂奶粉","高糖"
"脱脂奶粉","高蛋白"
"全脂牛奶粉","高热量"
"全脂牛奶粉","高糖"
"全脂牛奶粉","高脂肪"
"全脂牛奶粉","高蛋白"
"百吉福 芝士片","高热量"
"百吉福 芝士片","高脂肪"
"百吉福 芝士片","高蛋白"
"法国百吉福 低脂芝士片","高蛋白"
"伊利 脱脂牛奶","低热量"
"百吉福 减脂芝士片","高热量"
"百吉福 减脂芝士片","高蛋白"
"德运 全脂奶粉","高热量"
"德运 全脂奶粉","高脂肪"
"德运 全脂奶粉","高蛋白"
"maxigenes Maxigenes 蓝胖子奶粉","高热量"
"maxigenes Maxigenes 蓝胖子奶粉","高脂肪"
"maxigenes Maxigenes 蓝胖子奶粉","高蛋白"
"德运 脱脂奶粉","高热量"
"德运 脱脂奶粉","高糖"
"德运 脱脂奶粉","高蛋白"
"奶片","高热量"
"奶片","高糖"
"奶片","高脂肪"
"奶片","高蛋白"
"蒙牛 脱脂纯牛奶","低热量"
"美可卓 脱脂高钙奶粉","高热量"
"美可卓 脱脂高钙奶粉","高糖"
"美可卓 脱脂高钙奶粉","高蛋白"
"光明 优倍 0脂肪 高品质脱脂鲜牛奶","低热量"
"蒙牛 新养道零乳糖牛奶(脱脂型)","低热量"
"全脂奶粉","高热量"
"全脂奶粉","高糖"
"全脂奶粉","高脂肪"
"全脂奶粉","高蛋白"
"安佳 脱脂纯牛奶","低热量"
"蒙牛 早餐奶酪","高热量"
"蒙牛 早餐奶酪","高蛋白"
"欧德堡 超高温灭菌脱脂纯牛奶","低热量"
"乐芝牛 8粒装奶酪","高热量"
"乐芝牛 8粒装奶酪","高脂肪"
"乐芝牛 8粒装奶酪","高蛋白"
"德亚 脱脂牛奶(老款)","低热量"
"哈纳斯乳业 哈纳斯全脂淡奶粉","高热量"
"哈纳斯乳业 哈纳斯全脂淡奶粉","高脂肪"
"哈纳斯乳业 哈纳斯全脂淡奶粉","高蛋白"
"番茄","低热量"
"生菜","低热量"
"黄瓜","低热量"
"西兰花","低热量"
"圣女果","低热量"
"金针菇","低热量"
"大白菜","低热量"
"小白菜","低热量"
"上海青","低热量"
"娃娃菜","低热量"
"卷心菜(包菜，圆白菜)","低热量"
"南瓜","低热量"
"红枣","高热量"
"红枣","高糖"
"红枣","高纤维"
"青椒","低热量"
"香菇(鲜)","低热量"
"木耳(水发)","低热量"
"豆芽(绿豆芽)","低热量"
"哈密瓜","低热量"
"菠菜","低热量"
"冬瓜","低热量"
"白萝卜","低热量"
"水果黄瓜","低热量"
"花菜","低热量"
"石榴","高纤维"
"油麦菜","低热量"
"西瓜","低热量"
"西柚","低热量"
"杏鲍菇","低热量"
"白蘑菇(鲜)","低热量"
"结球甘蓝(绿)","低热量"
"小葱","低热量"
"荷兰豆","低热量"
"鸡毛菜","低热量"
"红薯叶","低热量"
"四季豆","低热量"
"秋黄瓜","低热量"
"苦瓜","低热量"
"大葱","低热量"
"红萝卜","低热量"
"佛手瓜","低热量"
"芥蓝","低热量"
"莴笋叶","低热量"
"豇豆","低热量"
"生菜(叶用莴苣)","低热量"
"奶白菜","低热量"
"奶柿子","低热量"
"豌豆苗","低热量"
"芥菜","低热量"
"芹菜(药芹)","低热量"
"百合(干)","高热量"
"百合(干)","高糖"
"油豆角","低热量"
"大白菜(白梗)","低热量"
"南瓜(栗面)","低热量"
"苋菜(紫)","低热量"
"韭黄","低热量"
"油菜心","低热量"
"苦苣菜","低热量"
"豆角(白)","低热量"
"节瓜","低热量"
"汤菜","低热量"
"芹菜叶","低热量"
"苋菜(绿)","低热量"
"苦菜","高纤维"
"芥菜(大叶)","低热量"
"葫芦","低热量"
"玉米笋","低热量"
"番石榴","高纤维"
"库尔勒梨","高纤维"
"豆浆","低热量"
"核桃(干)","高热量"
"核桃(干)","高脂肪"
"核桃(干)","高蛋白"
"核桃(干)","高纤维"
"豆浆(甜)","低热量"
"栗子","高热量"
"花生","高热量"
"花生","高脂肪"
"花生","高蛋白"
"花生","高纤维"
"巴旦木 (扁桃仁)","高热量"
"巴旦木 (扁桃仁)","高脂肪"
"巴旦木 (扁桃仁)","高蛋白"
"巴旦木 (扁桃仁)","高纤维"
"千张","高热量"
"千张","高蛋白"
"腰果(熟)","高热量"
"腰果(熟)","高脂肪"
"腰果(熟)","高蛋白"
"腰果(熟)","高纤维"
"黑芝麻","高热量"
"黑芝麻","高脂肪"
"黑芝麻","高蛋白"
"黑芝麻","高纤维"
"腰果","高热量"
"腰果","高脂肪"
"腰果","高蛋白"
"腰果","高纤维"
"豆腐干(白干)","高蛋白"
"豆腐皮(干)","高热量"
"豆腐皮(干)","高脂肪"
"豆腐皮(干)","高蛋白"
"纯豆浆粉","高热量"
"纯豆浆粉","高糖"
"纯豆浆粉","高蛋白"
"杏仁","高热量"
"杏仁","高脂肪"
"杏仁","高蛋白"
"杏仁","高纤维"
"开心果","高热量"
"开心果","高脂肪"
"开心果","高蛋白"
"开心果","高纤维"
"毛豆","高蛋白"
"毛豆","高纤维"
"葵花子(奶油香瓜子)","高热量"
"葵花子(奶油香瓜子)","高脂肪"
"葵花子(奶油香瓜子)","高蛋白"
"葵花子(奶油香瓜子)","高纤维"
"花生米(炒)","高热量"
"花生米(炒)","高脂肪"
"花生米(炒)","高蛋白"
"花生米(炒)","高纤维"
"花生米(生)","高热量"
"花生米(生)","高脂肪"
"花生米(生)","高蛋白"
"花生米(生)","高纤维"
"黄豆","高热量"
"黄豆","高蛋白"
"黄豆","高纤维"
"黑豆","高热量"
"黑豆","高蛋白"
"黑豆","高纤维"
"豆腐干(香干)","高蛋白"
"核桃(鲜)","高热量"
"核桃(鲜)","高脂肪"
"核桃(鲜)","高蛋白"
"核桃(鲜)","高纤维"
"豆腐花","低热量"
"每日坚果","高热量"
"每日坚果","高脂肪"
"每日坚果","高蛋白"
"豆奶","低热量"
"鸡枞(油炸)","高热量"
"鸡枞(油炸)","高脂肪"
"鸡枞(油炸)","高纤维"
"波利 海苔片","高热量"
"波利 海苔片","高糖"
"波利 海苔片","高脂肪"
"螺旋藻(干)","高热量"
"螺旋藻(干)","高蛋白"
"鸿喜菇","低热量"
"鸡油菌","低热量"
"松蘑(干)","高热量"
"松蘑(干)","高糖"
"松蘑(干)","高蛋白"
"干巴菌","低热量"
"干巴菌","高纤维"
"大褐菇","低热量"
"发菜(干)","高热量"
"发菜(干)","高糖"
"发菜(干)","高蛋白"
"发菜(干)","高纤维"
"青头菌","低热量"
"黄伞菇(干)","高热量"
"黄伞菇(干)","高糖"
"黄伞菇(干)","高蛋白"
"掌状红皮藻","高热量"
"掌状红皮藻","高蛋白"
"榛蘑(干)","高纤维"
"海冻菜","高热量"
"海冻菜","高糖"
"黄蘑(水发)","低热量"
"黄蘑(水发)","高纤维"
"红奶浆菌","低热量"
"地衣(水浸)","低热量"
"普中红蘑(干)","高热量"
"普中红蘑(干)","高糖"
"普中红蘑(干)","高蛋白"
"普中红蘑(干)","高纤维"
"北风菌","低热量"
"白牛肝菌(干)","高热量"
"白牛肝菌(干)","高糖"
"白牛肝菌(干)","高蛋白"
"乳牛肝菌(干)","高热量"
"乳牛肝菌(干)","高糖"
"乳牛肝菌(干)","高蛋白"
"黄皮牛肝菌","低热量"
"黄皮牛肝菌","高纤维"
"雅玛屋 一品海藻丝","高纤维"
"白牛肝菌","低热量"
"丰科 仙菇道蟹味菇","低热量"
"牛眼睛菌","高纤维"
"琼脂","高热量"
"琼脂","高糖"
"黄蘑(干)","高热量"
"黄蘑(干)","高蛋白"
"血红菇(干)","高热量"
"血红菇(干)","高糖"
"血红菇(干)","高蛋白"
"丰科 仙菇道白玉菇","低热量"
"鸡枞花","低热量"
"阿一波 牌海峡紫菜","高热量"
"阿一波 牌海峡紫菜","高蛋白"
"阿一波 牌海峡紫菜","高纤维"
"福月堂 胶膏(苦涩味)","高热量"
"福月堂 胶膏(苦涩味)","高脂肪"
"福月堂 胶膏(苦涩味)","高蛋白"
"Waitrose 蘑菇汤","高热量"
"Waitrose 蘑菇汤","高糖"
"Waitrose 蘑菇汤","高纤维"
"鸡枞(干)","高热量"
"鸡枞(干)","高蛋白"
"元蘑(干)","高热量"
"元蘑(干)","高糖"
"元蘑(干)","高蛋白"
"香杏片口蘑(干)","高热量"
"香杏片口蘑(干)","高蛋白"
"香杏片口蘑(干)","高纤维"
"榛磨(干)","高热量"
"榛磨(干)","高糖"
"榛磨(干)","高蛋白"
"森元 九道菇蟹味菌菇","低热量"
"优渥 果蔬脆(蘑菇)","高蛋白"
"优渥 果蔬脆(蘑菇)","高纤维"
"丰正 即时海鲜蔬菜系列海草","低热量"
"森元 九道菇白玉菌菇","低热量"
"美味强 无沙紫菜","高蛋白"
"美味强 无沙紫菜","高纤维"
"金印 海苔","高热量"
"金印 海苔","高蛋白"
"金桥 香菇","高热量"
"金桥 香菇","高糖"
"金桥 香菇","高蛋白"
"金桥 香菇","高纤维"
"UMINOHO 寿司紫菜","高热量"
"UMINOHO 寿司紫菜","高蛋白"
"UMINOHO 寿司紫菜","高纤维"
"王裔佳 寿司紫菜","高热量"
"王裔佳 寿司紫菜","高蛋白"
"ｺｽﾓｽ魔芋板","低热量"
"Champignons","低热量"
"香杏丁蘑(干，大)","高热量"
"香杏丁蘑(干，大)","高糖"
"香杏丁蘑(干，大)","高蛋白"
"香杏丁蘑(干，大)","高纤维"
"白果(干)","高热量"
"白果(干)","高糖"
"白果(干)","高蛋白"
"金鸽 瓜子","高热量"
"金鸽 瓜子","高脂肪"
"金鸽 瓜子","高蛋白"
"洽洽 小黄袋每日坚果","高热量"
"洽洽 小黄袋每日坚果","高脂肪"
"洽洽 小黄袋每日坚果","高蛋白"
"洽洽 小黄袋每日坚果","高纤维"
"兰花干串-关东煮","高蛋白"
"克拉农场 南瓜籽","高热量"
"克拉农场 南瓜籽","高脂肪"
"克拉农场 南瓜籽","高蛋白"
"龙岩花生 水煮花生","高热量"
"龙岩花生 水煮花生","高脂肪"
"龙岩花生 水煮花生","高蛋白"
"西瓜子(话梅)","高热量"
"西瓜子(话梅)","高脂肪"
"西瓜子(话梅)","高蛋白"
"西瓜子(话梅)","高纤维"
"天虹牌 原味巴旦木仁","高热量"
"天虹牌 原味巴旦木仁","高脂肪"
"天虹牌 原味巴旦木仁","高蛋白"
"沃隆 每日坚果(B)","高热量"
"沃隆 每日坚果(B)","高脂肪"
"沃隆 每日坚果(B)","高蛋白"
"香榧(熟)","高热量"
"香榧(熟)","高脂肪"
"香榧(熟)","高蛋白"
"花生油","高热量"
"花生油","高脂肪"
"橄榄油","高热量"
"橄榄油","高脂肪"
"菜籽油","高热量"
"菜籽油","高脂肪"
"混合油(菜+棕)","高热量"
"混合油(菜+棕)","高脂肪"
"黄油","高热量"
"黄油","高脂肪"
"豆油","高热量"
"豆油","高脂肪"
"辣椒油","高热量"
"辣椒油","高脂肪"
"玉米油","高热量"
"玉米油","高脂肪"
"椰子油","高热量"
"椰子油","高脂肪"
"欧丽薇兰 特级初榨橄榄油","高热量"
"欧丽薇兰 特级初榨橄榄油","高脂肪"
"芝麻油","高热量"
"芝麻油","高脂肪"
"春明 香油","高热量"
"春明 香油","高脂肪"
"金龙鱼 食用调和油","高热量"
"金龙鱼 食用调和油","高脂肪"
"葵花籽油","高热量"
"葵花籽油","高脂肪"
"色拉油","高热量"
"色拉油","高脂肪"
"olivoila 初榨橄榄油","高热量"
"olivoila 初榨橄榄油","高脂肪"
"金龙鱼 玉米油","高热量"
"金龙鱼 玉米油","高脂肪"
"胡麻油","高热量"
"胡麻油","高脂肪"
"安佳 淡奶油","高热量"
"安佳 淡奶油","高脂肪"
"茶油","高热量"
"茶油","高脂肪"
"Fula植物油","高热量"
"Fula植物油","高脂肪"
"核桃油","高热量"
"核桃油","高脂肪"
"安佳 黄油(原味)","高热量"
"安佳 黄油(原味)","高脂肪"
"安佳 黄油粒","高热量"
"安佳 黄油粒","高脂肪"
"佳之选 橄榄油","高热量"
"佳之选 橄榄油","高脂肪"
"MCT 油","高热量"
"MCT 油","高脂肪"
"胡姬花 花生油","高热量"
"胡姬花 花生油","高脂肪"
"总统 牌淡味黄油块","高热量"
"总统 牌淡味黄油块","高脂肪"
"安佳 黄油","高热量"
"安佳 黄油","高脂肪"
"欧丽薇兰 橄榄油","高热量"
"欧丽薇兰 橄榄油","高脂肪"
"品利 特级初榨橄榄油","高热量"
"品利 特级初榨橄榄油","高脂肪"
"Boonboon 冷榨椰子油 500mL","高热量"
"Boonboon 冷榨椰子油 500mL","高脂肪"
"油茶籽油","高热量"
"油茶籽油","高脂肪"
"Somerfield 纯菜油","高热量"
"Somerfield 纯菜油","高脂肪"
"雀巢 淡奶油(稀奶油)","高热量"
"雀巢 淡奶油(稀奶油)","高脂肪"
"总统 小杯装黄油","高热量"
"总统 小杯装黄油","高脂肪"
"乐购 植物油","高热量"
"乐购 植物油","高脂肪"
"铁塔 淡奶油","高热量"
"铁塔 淡奶油","高脂肪"
"西王 玉米油","高热量"
"西王 玉米油","高脂肪"
"蟹子豆腐","高热量"
"蟹子豆腐","高蛋白"
"烹子鱼","高蛋白"
"干风春鱼","高蛋白"
"桂花糖年糕","高热量"
"桂花糖年糕","高糖"
"熘素鹅皮","高热量"
"金蒜银鱼蒸菜心","高蛋白"
"拆烩鲢鱼头","高蛋白"
"五花玻璃肉","高热量"
"五花玻璃肉","高蛋白"
"自制苏式月饼","高热量"
"自制苏式月饼","高脂肪"
"自制苏式月饼","高蛋白"
"蓓琳娜 PDO特级初榨橄榄油","高热量"
"蓓琳娜 PDO特级初榨橄榄油","高脂肪"
"光明 全脂奶粉","高热量"
"光明 全脂奶粉","高脂肪"
"光明 全脂奶粉","高蛋白"
"世祁 咖啡奶油球","高热量"
"世祁 咖啡奶油球","高脂肪"
"金龙鱼 玉米油(玉米胚芽油)","高热量"
"金龙鱼 玉米油(玉米胚芽油)","高脂肪"
"鲁花 5S压榨一级花生油","高热量"
"鲁花 5S压榨一级花生油","高脂肪"
"品利特级初榨橄榄油","高热量"
"品利特级初榨橄榄油","高脂肪"
"vegetable 植物油","高热量"
"vegetable 植物油","高脂肪"
"酥油","高热量"
"酥油","高脂肪"
"克莉娜 橄榄油","高热量"
"克莉娜 橄榄油","高脂肪"
"蓝米吉 淡奶油","高热量"
"蓝米吉 淡奶油","高脂肪"
"鲁花 橄榄油","高热量"
"鲁花 橄榄油","高脂肪"
"米糠油","高热量"
"米糠油","高脂肪"
"椰来香 椰子油","高热量"
"椰来香 椰子油","高脂肪"
"伯爵 特级初榨橄榄油","高热量"
"伯爵 特级初榨橄榄油","高脂肪"
"富川 山茶油","高热量"
"富川 山茶油","高脂肪"
"羊油","高热量"
"羊油","高脂肪"
"金龙鱼 黄金比例食用调和油","高热量"
"金龙鱼 黄金比例食用调和油","高脂肪"
"melrose 椰子油","高热量"
"melrose 椰子油","高脂肪"
"福临门 花生油","高热量"
"福临门 花生油","高脂肪"
"金龙鱼 大豆油","高热量"
"金龙鱼 大豆油","高脂肪"
"香炸仔鸡","高热量"
"香炸仔鸡","高蛋白"
"神仙蛋","高热量"
"神仙蛋","高蛋白"
"红烧大乌","高蛋白"
"蛋白夹沙","高热量"
"响铃球","高热量"
"响铃球","高脂肪"
"原焖鱼翅","高蛋白"
"扒鲜翅","高蛋白"
"石榴虾","高蛋白"
"两色豆茸","高热量"
"爆乌花","高蛋白"
"Wesson 植物油","高热量"
"Wesson 植物油","高脂肪"
"大麻油","高热量"
"大麻油","高脂肪"
"鲁花 高油酸花生油","高热量"
"鲁花 高油酸花生油","高脂肪"
"欧德堡 淡奶油","高热量"
"欧德堡 淡奶油","高脂肪"
"福临门 调和油","高热量"
"福临门 调和油","高脂肪"
"福临门 玉米油","高热量"
"福临门 玉米油","高脂肪"
"福临门 家香味菜籽油","高热量"
"福临门 家香味菜籽油","高脂肪"
"贝蒂斯特级初榨橄榄油","高热量"
"贝蒂斯特级初榨橄榄油","高脂肪"
"多力 玉米油","高热量"
"多力 玉米油","高脂肪"
"红烧鳓鱼","高蛋白"
"锅包肉","高热量"
"肉饼","高热量"
"南瓜汤","低热量"
"红糖","高热量"
"红糖","高糖"
"辣椒酱","低热量"
"TEDDIE 花生酱(颗粒)","高热量"
"TEDDIE 花生酱(颗粒)","高脂肪"
"TEDDIE 花生酱(颗粒)","高蛋白"
"千岛沙拉酱","高热量"
"千岛沙拉酱","高脂肪"
"雪菜","低热量"
"雪菜","高纤维"
"腐乳(红)","高蛋白"
"沙拉酱(色拉酱)","高热量"
"沙拉酱(色拉酱)","高脂肪"
"苹果醋","低热量"
"冰糖","高热量"
"冰糖","高糖"
"红豆沙","高热量"
"红豆沙","高糖"
"腐乳(白)","高蛋白"
"阿香婆 牛肉酱()","高热量"
"阿香婆 牛肉酱()","高脂肪"
"黑胡椒","高热量"
"黑胡椒","高糖"
"黑胡椒","高蛋白"
"辣椒粉","高热量"
"辣椒粉","高糖"
"辣椒粉","高蛋白"
"辣椒粉","高纤维"
"剁辣椒","高纤维"
"豆瓣酱","高蛋白"
"蜂蜜(槐花)","高热量"
"蜂蜜(槐花)","高糖"
"胡椒粉","高热量"
"胡椒粉","高糖"
"鸡精","高蛋白"
"糟豆腐乳","高蛋白"
"好乐门 淡味蛋黄酱方便装(复合调味料)","高热量"
"好乐门 淡味蛋黄酱方便装(复合调味料)","高脂肪"
"恋奶精球","高热量"
"恋奶精球","高脂肪"
"利民 蒜蓉辣酱","高纤维"
"豆沙","高热量"
"豆沙","高糖"
"华海顺达 拌凉菜","高热量"
"华海顺达 拌凉菜","高糖"
"华海顺达 拌凉菜","高蛋白"
"豆瓣辣酱","高纤维"
"草莓酱","高热量"
"草莓酱","高糖"
"酱萝卜","低热量"
"芝麻酱红糖饼","高热量"
"东北卷煎","高热量"
"东北卷煎","高蛋白"
"豆渣玉米面窝窝头","高热量"
"豆渣玉米面窝窝头","高糖"
"豆渣玉米面窝窝头","高蛋白"
"豆渣玉米面窝窝头","高纤维"
"黄米炸糕","高热量"
"黄米炸糕","高糖"
"白鸡","高蛋白"
"煎烧虾饼","高蛋白"
"烩松茸","高热量"
"长春酱肉","高热量"
"长春酱肉","高脂肪"
"生煎马哈鱼","高热量"
"生煎马哈鱼","高蛋白"
"焖香鸡","高热量"
"焖香鸡","高脂肪"
"焖香鸡","高蛋白"
"东北炒肉拉皮","高蛋白"
"爆炒香螺","高蛋白"
"糖醋三文鱼","高热量"
"糖醋三文鱼","高蛋白"
"豆面团子","高热量"
"豆面团子","高糖"
"自制扒猪脸","高热量"
"自制扒猪脸","高脂肪"
"李记坛肉","高热量"
"李记坛肉","高脂肪"
"李记坛肉","高蛋白"
"长白糕","高热量"
"长白糕","高糖"
"卷肘花","高热量"
"卷肘花","高脂肪"
"卷肘花","高蛋白"
"砂锅鱼翅","高热量"
"砂锅鱼翅","高蛋白"
"拌麻汁鲍鱼","高蛋白"
"香菇粉丝白菜汤","低热量"
"锅爆肉","高热量"
"锅爆肉","高脂肪"
"锅爆肉","高蛋白"
"长春罐焖鸡","高蛋白"
"糖醋瓦块鱼","高蛋白"
"水煎玉米饼","高热量"
"绿豆芽拌干丝","低热量"
"爆煎鲤鱼","高蛋白"
"葱花缸炉","高热量"
"葱花缸炉","高脂肪"
"东北家常熬鱼","高热量"
"东北家常熬鱼","高蛋白"
"清蒸网油红鲷","高蛋白"
"风鸡","高蛋白"
"酥海带","高热量"
"片白肉","高热量"
"片白肉","高脂肪"
"炝腐竹鲜蘑","高蛋白"
"拌四丝","高蛋白"
"松子全鱼","高热量"
"松子全鱼","高蛋白"
"丘比 沙拉酱","高热量"
"丘比 沙拉酱","高脂肪"
"户户 炸酱","高蛋白"
"咖喱粉","高热量"
"咖喱粉","高糖"
"咖喱粉","高蛋白"
"海天 味极鲜酱油","高蛋白"
"丘比 沙拉汁(焙煎芝麻口味)","高热量"
"丘比 沙拉汁(焙煎芝麻口味)","高脂肪"
"Pic's 颗粒花生酱","高热量"
"Pic's 颗粒花生酱","高脂肪"
"Pic's 颗粒花生酱","高蛋白"
"Pic's 颗粒花生酱","高纤维"
"咖喱酱","高热量"
"咖喱酱","高脂肪"
"咖喱酱","高纤维"
"丘比 草莓酱","高热量"
"丘比 草莓酱","高糖"
"皮家 麻汁","高热量"
"皮家 麻汁","高脂肪"
"皮家 麻汁","高蛋白"
"鸡翅","高热量"
"鸡翅","高蛋白"
"瓦罐鸡汤(无料)","低热量"
"麦当劳 薯条","高热量"
"薯片(烧烤味)","高热量"
"薯片(烧烤味)","高糖"
"薯片(烧烤味)","高脂肪"
"薯片(烧烤味)","高纤维"
"肯德基 葡式蛋挞","高热量"
"肯德基 葡式蛋挞","高脂肪"
"巧克力(黑)","高热量"
"巧克力(黑)","高糖"
"巧克力(黑)","高脂肪"
"巧克力(黑)","高纤维"
"桃酥","高热量"
"桃酥","高糖"
"桃酥","高脂肪"
"月饼(豆沙)","高热量"
"月饼(豆沙)","高糖"
"爆米花","高热量"
"爆米花","高糖"
"爆米花","高蛋白"
"爆米花","高纤维"
"肯德基 老北京鸡肉卷","高热量"
"肯德基 老北京鸡肉卷","高蛋白"
"苏打饼干","高热量"
"苏打饼干","高糖"
"麻花","高热量"
"麻花","高糖"
"麻花","高脂肪"
"绿豆饼","高蛋白"
"肯德基 薯条","高热量"
"沙琪玛蛋酥","高热量"
"沙琪玛蛋酥","高糖"
"沙琪玛蛋酥","高脂肪"
"卫龙 大面筋","高热量"
"卫龙 大面筋","高脂肪"
"麦当劳 脆薯饼","高热量"
"麦当劳 脆薯饼","高脂肪"
"德芙 香浓黑巧克力","高热量"
"德芙 香浓黑巧克力","高糖"
"德芙 香浓黑巧克力","高脂肪"
"双汇 王中王","高蛋白"
"绿豆糕","高热量"
"绿豆糕","高糖"
"绿豆糕","高蛋白"
"麦当劳 香芋派","高热量"
"海苔","高热量"
"海苔","高糖"
"海苔","高蛋白"
"海苔","高纤维"
"山楂果丹皮","高热量"
"山楂果丹皮","高糖"
"丽芝士 芝士威化","高热量"
"丽芝士 芝士威化","高糖"
"蛋糕(黄蛋糕)","高热量"
"蛋糕(黄蛋糕)","高糖"
"费列罗 巧克力","高热量"
"费列罗 巧克力","高脂肪"
"红薯片","高热量"
"红薯片","高糖"
"红薯片","高脂肪"
"饼干(咸)","高热量"
"饼干(咸)","高糖"
"饼干(咸)","高脂肪"
"饼干(咸)","高纤维"
"瑞士莲 特级纯味85%黑巧克力","高热量"
"瑞士莲 特级纯味85%黑巧克力","高脂肪"
"瑞士莲 特级纯味85%黑巧克力","高蛋白"
"瑞士莲 特级纯味85%黑巧克力","高纤维"
"雀巢 脆脆鲨","高热量"
"雀巢 脆脆鲨","高糖"
"雀巢 脆脆鲨","高脂肪"
"牛奶饼干","高热量"
"牛奶饼干","高糖"
"锅巴(豆香)","高热量"
"锅巴(豆香)","高糖"
"锅巴(豆香)","高脂肪"
"锅巴(豆香)","高纤维"
"蛋糕(巧克力)","高热量"
"蛋糕(巧克力)","高脂肪"
"奥利奥 夹心饼干(草莓味)","高热量"
"奥利奥 夹心饼干(草莓味)","高糖"
"奥利奥 夹心饼干(草莓味)","高脂肪"
"月饼(枣泥)","高热量"
"月饼(枣泥)","高糖"
"乐事 薯片鲜浓番茄味","高热量"
"乐事 薯片鲜浓番茄味","高糖"
"乐事 薯片鲜浓番茄味","高脂肪"
"西式蛋糕","高热量"
"西式蛋糕","高糖"
"旺旺 雪饼(香辣味)","高热量"
"旺旺 雪饼(香辣味)","高糖"
"奶油饼干","高热量"
"奶油饼干","高糖"
"乐事 薯片(意大利香浓红烩味)","高热量"
"乐事 薯片(意大利香浓红烩味)","高糖"
"乐事 薯片(意大利香浓红烩味)","高脂肪"
"空心脆枣","高热量"
"空心脆枣","高糖"
"好丽友 蛋黄派[注心蛋黄派]","高热量"
"好丽友 蛋黄派[注心蛋黄派]","高脂肪"
"丹麦蓝罐 曲奇","高热量"
"丹麦蓝罐 曲奇","高糖"
"丹麦蓝罐 曲奇","高脂肪"
"卡夫 太平梳打饼干香葱口味","高热量"
"卡夫 太平梳打饼干香葱口味","高糖"
"肯德基 原味圣代(巧克力酱)","高热量"
"趣多多 香脆曲奇巧克力味","高热量"
"趣多多 香脆曲奇巧克力味","高糖"
"趣多多 香脆曲奇巧克力味","高脂肪"
"花生牛轧糖","高热量"
"花生牛轧糖","高糖"
"虾片","高热量"
"虾片","高糖"
"虾片","高脂肪"
"奧利奥 奥利奥 夹心饼干(巧克力味)","高热量"
"奧利奥 奥利奥 夹心饼干(巧克力味)","高糖"
"奧利奥 奥利奥 夹心饼干(巧克力味)","高脂肪"
"黑森林 蛋糕","高热量"
"麦当劳 菠萝派","高热量"
"太平 椒盐味梳打饼干","高热量"
"太平 椒盐味梳打饼干","高糖"
"好吃点 高纤粗粮饼","高热量"
"好吃点 高纤粗粮饼","高脂肪"
"好吃点 高纤粗粮饼","高纤维"
"奶油","高热量"
"奶油","高脂肪"
"猫耳王 猫耳朵","高热量"
"猫耳王 猫耳朵","高糖"
"棉花糖","高热量"
"棉花糖","高糖"
"蚕豆(炸)","高热量"
"蚕豆(炸)","高蛋白"
"蛋糕(水果)","高热量"
"蛋糕(水果)","高糖"
"饼干(苏打夹心)","高热量"
"饼干(苏打夹心)","高糖"
"饼干(苏打夹心)","高纤维"
"旺旺 仙贝","高热量"
"旺旺 仙贝","高糖"
"旺旺 仙贝","高脂肪"
"德芙 牛奶巧克力","高热量"
"德芙 牛奶巧克力","高糖"
"德芙 牛奶巧克力","高脂肪"
"薯片(香辣味)","高热量"
"薯片(香辣味)","高脂肪"
"薯片(香辣味)","高纤维"
"大白兔 奶糖","高热量"
"大白兔 奶糖","高糖"
"士力架 巧克力","高热量"
"士力架 巧克力","高糖"
"士力架 巧克力","高脂肪"
"水果味软糖","高热量"
"水果味软糖","高糖"
"乐购 核桃仁","高热量"
"乐购 核桃仁","高脂肪"
"乐购 核桃仁","高蛋白"
"乐购 核桃仁","高纤维"
"什锦糖果","高热量"
"什锦糖果","高糖"
"炸洋葱圈","高热量"
"炸洋葱圈","高糖"
"炸洋葱圈","高脂肪"
"雪米饼","高热量"
"雪米饼","高糖"
"蜜麻花","高热量"
"蜜麻花","高糖"
"费列罗 牛奶巧克力","高热量"
"费列罗 牛奶巧克力","高脂肪"
"山楂球","高热量"
"山楂球","高糖"
"德芙 榛仁巧克力","高热量"
"德芙 榛仁巧克力","高糖"
"德芙 榛仁巧克力","高脂肪"
"凤梨酥","高热量"
"凤梨酥","高糖"
"品客 薯片(原味)","高热量"
"品客 薯片(原味)","高糖"
"品客 薯片(原味)","高脂肪"
"月饼(奶油连芸)","高热量"
"月饼(奶油连芸)","高糖"
"锄禾 黑芝麻核桃粉","高热量"
"锄禾 黑芝麻核桃粉","高糖"
"果乐果香 夹心饼干","高热量"
"果乐果香 夹心饼干","高糖"
"卫龙 辣条","高热量"
"卫龙 辣条","高脂肪"
"乐购 山楂片","高热量"
"乐购 山楂片","高糖"
"诺梵 100％黑巧克力","高热量"
"诺梵 100％黑巧克力","高脂肪"
"诺梵 100％黑巧克力","高蛋白"
"枸杞","高热量"
"枸杞","高糖"
"枸杞","高蛋白"
"枸杞","高纤维"
"燕窝","高热量"
"燕窝","高蛋白"
"阿胶","高热量"
"阿胶","高蛋白"
"My protein my protein  蛋白粉","高热量"
"My protein my protein  蛋白粉","高蛋白"
"仲夏夜 鸡胸肉丸(原味)","高蛋白"
"七年五季 鸡胸肉丸(香辣味)","高蛋白"
"澳佳宝 鱼油","高热量"
"澳佳宝 鱼油","高脂肪"
"麦当劳 麦香鸡","高热量"
"麦当劳 麦香鸡","高蛋白"
"哇哈哈 AD钙","低热量"
"油面筋","高热量"
"油面筋","高脂肪"
"油面筋","高蛋白"
"蚕蛹","高热量"
"蚕蛹","高蛋白"
"田园主义 高纤双拼奇亚籽燕麦片","高热量"
"田园主义 高纤双拼奇亚籽燕麦片","高蛋白"
"田园主义 高纤双拼奇亚籽燕麦片","高纤维"
"雀巢咖啡 醇品速溶咖啡","高热量"
"雀巢咖啡 醇品速溶咖啡","高蛋白"
"康宝莱 营养蛋白粉","高热量"
"康宝莱 营养蛋白粉","高蛋白"
"Swisse 乳清蛋白粉","高热量"
"Swisse 乳清蛋白粉","高蛋白"
"东阿阿胶 阿胶糕","高热量"
"东阿阿胶 阿胶糕","高脂肪"
"东阿阿胶 阿胶糕","高蛋白"
"PHD SMART PhD smart bar 蛋白棒","高热量"
"PHD SMART PhD smart bar 蛋白棒","高蛋白"
"茯苓","高糖"
"茯苓","高纤维"
"穗儿 魔芋面","高热量"
"穗儿 魔芋面","高糖"
"穗儿 魔芋面","高蛋白"
"必胜客 超级至尊披萨(12寸铁盘)","高热量"
"必胜客 超级至尊披萨(12寸铁盘)","高蛋白"
"珍珠","低热量"
"光明 牌切达原味芝士片","高热量"
"光明 牌切达原味芝士片","高脂肪"
"光明 牌切达原味芝士片","高蛋白"
"贡梨","低热量"
"ON 蛋白粉","高热量"
"ON 蛋白粉","高蛋白"
"型食主义 全豆浆粉","高热量"
"型食主义 全豆浆粉","高蛋白"
"型食主义 全豆浆粉","高纤维"
"Swisse 深海鱼油","高热量"
"Swisse 深海鱼油","高脂肪"
"橙子快跑 鸡胸肉丸(香辣味)","高蛋白"
"五谷磨房 高纤魔芋代餐粉","高热量"
"五谷磨房 高纤魔芋代餐粉","高糖"
"五谷磨房 高纤魔芋代餐粉","高纤维"
"悠诗诗 NO.114","高热量"
"悠诗诗 NO.114","高糖"
"悠诗诗 NO.114","高蛋白"
"悠诗诗 NO.114","高纤维"
"七年五季 全麦面包(芝麻版)","高热量"
"七年五季 全麦面包(芝麻版)","高蛋白"
"七年五季 全麦面包(芝麻版)","高纤维"
"必胜客 夏威夷风光披萨(12寸铁盘)","高热量"
"必胜客 夏威夷风光披萨(12寸铁盘)","高蛋白"
"蒙牛 每日鲜语0脂肪鲜牛奶","低热量"
"怡浓 迪布玛100％黑巧克力","高热量"
"怡浓 迪布玛100％黑巧克力","高脂肪"
"怡浓 迪布玛100％黑巧克力","高蛋白"
"鲨鱼菲特 魔芋丝","低热量"
"陈皮","高热量"
"陈皮","高糖"
"陈皮","高纤维"
"初吉 初吉乳清蛋白棒白巧克力","高热量"
"初吉 初吉乳清蛋白棒白巧克力","高蛋白"
"雅培 安素肠内营养粉剂","高热量"
"雅培 安素肠内营养粉剂","高糖"
"雅培 安素肠内营养粉剂","高蛋白"
"娃哈哈 爽歪歪营养酸奶饮品","低热量"
"李子园 草莓牛奶","低热量"
"澳佳宝 FISHOIL1000深海鱼油1000","高热量"
"澳佳宝 FISHOIL1000深海鱼油1000","高脂肪"
"维维 无添加蔗糖豆奶粉","高热量"
"维维 无添加蔗糖豆奶粉","高糖"
"维维 无添加蔗糖豆奶粉","高蛋白"
"维维 无添加蔗糖豆奶粉","高纤维"
"纽崔莱 卵磷脂","高热量"
"纽崔莱 卵磷脂","高脂肪"
"纽崔莱 卵磷脂","高蛋白"
"西洋参","高热量"
"西洋参","高糖"
"西洋参","高纤维"
"DHC 8种维生素B","高热量"
"DHC 8种维生素B","高糖"
"DHC 8种维生素B","高蛋白"
"DHC 8种维生素B","高纤维"
"小仙炖 鲜炖无糖燕窝","低热量"
"穗儿 荞麦面(升级版)","高热量"
"穗儿 荞麦面(升级版)","高糖"
"穗儿 荞麦面(升级版)","高蛋白"
"DHC 浓缩膳食纤维粉","高纤维"
"必胜客 超级至尊披萨(6寸迷你)","高热量"
"必胜客 超级至尊披萨(6寸迷你)","高蛋白"
"雀巢咖啡 雀巢醇品速溶咖啡","高热量"
"雀巢咖啡 雀巢醇品速溶咖啡","高蛋白"
"型食主义 燕麦麸皮粉","高热量"
"型食主义 燕麦麸皮粉","高蛋白"
"型食主义 燕麦麸皮粉","高纤维"
"健美生 维生素B","高热量"
"健美生 维生素B","高糖"
"vida glow Vida glow 胶原蛋白粉","高热量"
"vida glow Vida glow 胶原蛋白粉","高蛋白"
"农夫山泉 无蔗糖拿铁","低热量"
"当归","高热量"
"当归","高蛋白"
"当归","高纤维"
"楼上  即食燕窝","低热量"
"火麻仁","高热量"
"火麻仁","高脂肪"
"火麻仁","高蛋白"
"火麻仁","高纤维"
"黄芪","高热量"
"黄芪","高蛋白"
"黄芪","高纤维"
"健美生 维生素C","高热量"
"太阳鱼","高蛋白"
"樱花 大麦若叶","高热量"
"樱花 大麦若叶","高蛋白"
"樱花 大麦若叶","高纤维"
"生和堂 龟苓膏","低热量"
"美达施 膳食纤维粉(幼滑香橙味)","高热量"
"美达施 膳食纤维粉(幼滑香橙味)","高糖"
"美达施 膳食纤维粉(幼滑香橙味)","高纤维"
"紫苏(鲜)","高纤维"
"小仙炖 冰糖燕窝","低热量"
"美乐家 多种维生素矿物质片女士型","高纤维"
"黑全麦粉","高热量"
"黑全麦粉","高糖"
"黑全麦粉","高蛋白"
"方家铺子 虫草花","高热量"
"方家铺子 虫草花","高糖"
"方家铺子 虫草花","高蛋白"
"薄荷(鲜)","低热量"
"薄荷(鲜)","高纤维"
"能量棒","高维生素B1"
"酵母","高维生素B1"
"培根","高维生素B1"
"小麦胚粉","高维生素B1"
"素食汉堡","高维生素B1"
"香肠","高维生素B1"
"葵花子仁","高维生素B1"
"小麦胚芽","高维生素B1"
"亚麻籽","高维生素B1"
"大麻籽","高维生素B1"
"松子","高维生素B1"
"澳洲坚果","高维生素B1"
"燕麦麸皮","高维生素B1"
"红花籽仁","高维生素B1"
"面条","高维生素B1"
"四棱豆","高维生素B1"
"面包屑","高维生素B1"
"霹雳果","高维生素B1"
"腊肉","高维生素B1"
"黑豆","高维生素B1"
"黑龟豆","高维生素B1"
"麦片","高维生素B1"
"意大利面","高维生素B1"
"大豆","高维生素B1"
"扁豆","高维生素B1"
"开心果","高维生素B1"
"罂粟籽","高维生素B1"
"豇豆","高维生素B1"
"四棱豆叶","高维生素B1"
"粗粒小麦粉","高维生素B1"
"芥末","高维生素B1"
"猪大排","高维生素B1"
"豆类","高维生素B1"
"咸肉","高维生素B1"
"燕麦","高维生素B1"
"鼠尾草","高维生素B1"
"棉籽仁","高维生素B1"
"蔓越莓","高维生素B1"
"花生仁","高维生素B1"
"豌豆","高维生素B1"
"花豆","高维生素B1"
"澳大利亚坚果","高维生素B1"
"大豆粉","高维生素B1"
"豆粕","高维生素B1"
"黄豆","高维生素B1"
"花卷","高维生素B1"
"大腊肠","高维生素B1"
"芝麻","高维生素B1"
"叉烧肉","高维生素B1"
"山核桃","高维生素B1"
"大麦","高维生素B1"
"榛子","高维生素B1"
"鸽子豌豆","高维生素B1"
"花生","高维生素B1"
"羽扇豆","高维生素B1"
"孜然","高维生素B1"
"绿豆","高维生素B1"
"奇亚籽","高维生素B1"
"巴西栗","高维生素B1"
"芸豆","高维生素B1"
"培根片","高维生素B1"
"面包","高维生素B1"
"马牙大豆","高维生素B1"
"大米","高维生素B1"
"番茄","高维生素B1"
"松饼","高维生素B1"
"蚕豆","高维生素B1"
"啤酒香肠","高维生素B1"
"华夫饼","高维生素B1"
"糙米","高维生素B1"
"猪肉","高维生素B1"
"百吉饼","高维生素B1"
"辣椒","高维生素B1"
"小麦麸皮","高维生素B1"
"迷迭香","高维生素B1"
"百里香","高维生素B1"
"金华火腿","高维生素B1"
"全麦面粉","高维生素B1"
"豆腐","高维生素B1"
"面包果种子","高维生素B1"
"汤","高维生素B1"
"鹰嘴豆","高维生素B1"
"鸡心","高维生素B1"
"德式小香肠","高维生素B1"
"洋葱粉","高维生素B1"
"大红菇","高维生素B2"
"牛奶粉","高维生素B2"
"驼鹿肝","高维生素B2"
"橙汁饮料","高维生素B2"
"香杏丁蘑","高维生素B2"
"香菜","高维生素B2"
"羊肚菌","高维生素B2"
"猪肝","高维生素B2"
"羊肾","高维生素B2"
"香杏片口蘑","高维生素B2"
"杏仁","高维生素B2"
"羊肝","高维生素B2"
"德国式熏肝香肠","高维生素B2"
"松蘑","高维生素B2"
"冬菇","高维生素B2"
"咖啡","高维生素B2"
"龙蒿","高维生素B2"
"牛肝","高维生素B2"
"香菇","高维生素B2"
"婴儿奶粉","高维生素B2"
"辣椒粉","高维生素B2"
"火鸡肝","高维生素B2"
"罗勒","高维生素B2"
"奶酪","高维生素B2"
"普中红蘑","高维生素B2"
"母乳化奶粉","高维生素B2"
"蘑菇","高维生素B2"
"鸡肝","高维生素B2"
"鸭肝","高维生素B2"
"桂圆肉","高维生素B2"
"紫菜","高维生素B2"
"黄螺","高维生素B2"
"黄蘑","高维生素B2"
"黄鳝","高维生素B2"
"驯鹿肉","高维生素B2"
"巴旦木","高维生素B2"
"鸭心","高维生素B2"
"牛肾","高维生素B2"
"法兰克福","高维生素B2"
"全脂速溶牛奶粉","高维生素B2"
"鸭胰","高维生素B2"
"苜蓿","高维生素B2"
"全脂牛奶粉","高维生素B2"
"南瓜粉","高维生素B2"
"榛蘑","高维生素B2"
"猪肾","高维生素B2"
"奶豆腐","高维生素B2"
"酸梅晶","高维生素B2"
"汤菜","高维生素B2"
"辣木叶","高维生素B2"
"苦豆子","高维生素B2"
"龙舌兰","高维生素B2"
"桑葚","高维生素B2"
"豆腐丝","高维生素B2"
"鸭蛋黄","高维生素B2"
"鹅蛋黄","高维生素B2"
"可可粉","高维生素B2"
"食用黄麻","高维生素B2"
"龙牙豆","高维生素B2"
"发菜","高维生素B2"
"牛至","高维生素B2"
"蛋黄","高维生素B2"
"白鲸","高维生素B2"
"金丝小枣","高维生素B2"
"腊羊肉","高维生素B2"
"麋鹿肉","高维生素B2"
"鹌鹑蛋","高维生素B2"
"猪心","高维生素B2"
"黄油渣","高维生素B2"
"火鸡蛋","高维生素B2"
"雅培","高维生素B2"
"角豆粉","高维生素B2"
"红肖梨","高维生素B2"
"红螺","高维生素B2"
"豆瓣酱","高维生素B2"
"鸡蛋","高维生素B2"
"猴面包树粉","高维生素B6"
"青椒","高维生素B6"
"红牛","高维生素B6"
"香叶","高维生素B6"
"大蒜粉","高维生素B6"
"洋葱","高维生素B6"
"麸皮","高维生素B6"
"大蒜","高维生素B6"
"马郁兰","高维生素B6"
"胡萝卜","高维生素B6"
"金枪鱼","高维生素B6"
"藏红花","高维生素B6"
"白玉米","高维生素B6"
"黄玉米","高维生素B6"
"芹菜籽","高维生素B6"
"三文鱼","高维生素B6"
"棕榈心","高维生素B6"
"葵花子","高维生素B6"
"苦瓜","高维生素B6"
"西红柿种子","高维生素B6"
"鹅肝","高维生素B6"
"西梅干","高维生素B6"
"野鸡","高维生素B6"
"糙米粉","高维生素B6"
"橡子","高维生素B6"
"橡子粉","高维生素B6"
"山毛榉","高维生素B6"
"栗子","高维生素B6"
"大麦麦芽粉","高维生素B6"
"八角","高维生素B6"
"鸸鹋肉","高维生素B6"
"鸭胸脯肉","高维生素B6"
"莲子","高维生素B6"
"姜粉","高维生素B6"
"玉米","高维生素B6"
"玉米粒","高维生素B6"
"牛肉","高维生素B6"
"剑鱼","高维生素B6"
"鹌鹑","高维生素B6"
"胡芦巴籽","高维生素B6"
"火鸡","高维生素B6"
"玉米面","高维生素B6"
"苋菜籽","高维生素B6"
"针叶樱桃","高维生素C"
"针叶樱桃汁","高维生素C"
"酸枣","高维生素C"
"果味饮料","高维生素C"
"玫瑰果","高维生素C"
"枣","高维生素C"
"沙棘","高维生素C"
"大白菜","高维生素C"
"黑醋栗","高维生素C"
"黑加仑","高维生素C"
"欧芹","高维生素C"
"油菜","高维生素C"
"墨西哥胡椒","高维生素C"
"蜜枣","高维生素C"
"落葵","高维生素C"
"羽衣甘蓝","高维生素C"
"猕猴桃","高维生素C"
"西兰花","高维生素C"
"苹果汁","高维生素C"
"莳萝","高维生素C"
"抱子甘蓝","高维生素C"
"菜花","高维生素C"
"菠菜","高维生素C"
"甘蓝菜","高维生素C"
"酸刺","高维生素C"
"芥菜","高维生素C"
"番茄汁","高维生素C"
"鱼腥草","高维生素C"
"水芹","高维生素C"
"番石榴","高维生素C"
"豌豆苗","高维生素C"
"柿子","高维生素C"
"油菜薹","高维生素C"
"中华猕猴桃","高维生素C"
"余甘子","高维生素C"
"球茎甘蓝","高维生素C"
"柚子","高维生素C"
"木瓜","高维生素C"
"萝卜叶","高维生素C"
"脐橙","高维生素C"
"草莓","高维生素C"
"韭菜","高维生素C"
"枸杞","高维生素C"
"红菜薹","高维生素C"
"卷心菜","高维生素C"
"菠萝","高维生素C"
"地瓜叶","高维生素C"
"独行菜","高维生素C"
"蔬菜汁餐前开胃菜","高维生素C"
"乐陵枣","高维生素C"
"橙子","高维生素C"
"红果","高维生素C"
"柠檬","高维生素C"
"豆瓣菜","高维生素C"
"败酱","高维生素C"
"芋头叶","高维生素C"
"萝卜缨","高维生素C"
"橙汁","高维生素C"
"花椰菜","高维生素C"
"金丝瓜","高维生素E"
"小蓟","高维生素E"
"猪蹄","高维生素E"
"鸡蛋白","高维生素E"
"马铃薯","高维生素E"
"土豆","高维生素E"
"樱桃香草布丁","高维生素E"
"味噌","高维生素E"
"纳豆","高维生素E"
"珍珠大麦","高维生素E"
"鸡精","高维生素E"
"蒲公英叶","高维生素E"
"红元帅苹果","高维生素E"
"橘子汁","高维生素E"
"苜蓿籽","高维生素E"
"蜜瓜","高维生素E"
"菠萝汁","高维生素E"
"紫花苜蓿种子芽","高维生素E"
"百香果","高维生素E"
"海蜇","高维生素E"
"菜瓜","高维生素E"
"婆罗门参","高维生素E"
"西瓜","高维生素E"
"鸡腿","高维生素E"
"油豆角","高维生素E"
"黄瓜","高维生素E"
"萝卜","高维生素E"
"甜菜","高维生素E"
"甜菜根","高维生素E"
"牛奶","高维生素E"
"葡萄柚汁","高维生素E"
"竹笋","高维生素E"
"酸模","高维生素E"
"苣荬菜","高维生素E"
"奶片","高维生素E"
"苹果","高维生素E"
"樱桃","高维生素E"
"海枣","高维生素E"
"哈密瓜","高维生素E"
"小米","高维生素E"
"火鸡肉汁","高维生素E"
"犹太逾越节薄饼","高维生素E"
"麦芽饮料混合物","高维生素E"
"祝光苹果","高维生素E"
"烧鹅","高维生素E"
"火鸡腿","高维生素E"
"狗母鱼","高维生素E"
"麦芽混合饮料粉","低胆固醇"
"酱汁","低胆固醇"
"巧克力","低胆固醇"
"海鲜酱汁","低胆固醇"
"海蜇皮","低胆固醇"
"辣牛肉酱与豆","低胆固醇"
"海蜇头","低胆固醇"
"甜甜圈","低胆固醇"
"人奶","低胆固醇"
"奶昔","低胆固醇"
"鲱鱼","低胆固醇"
"士力架","低胆固醇"
"圣代","低胆固醇"
"酸奶","低胆固醇"
"水果冰淇淋","低胆固醇"
"蛋黄酱","低胆固醇"
"果味奶","低胆固醇"
"阿拉斯加帝王蟹","低胆固醇"
"牛奶巧克力","低胆固醇"
"安康鱼","低胆固醇"
"比萨","低胆固醇"
"潜艇三明治","低胆固醇"
"羊奶","低胆固醇"
"三明治","低胆固醇"
"鲒花","低胆固醇"
"鸭掌","低胆固醇"
"炼乳","低胆固醇"
"石斑鱼","低胆固醇"
"鲷鱼","低胆固醇"
"喜乐","低胆固醇"
"嫩鸡胸肉","低胆固醇"
"美式香蕉面包","低胆固醇"
"面包鱼","低胆固醇"
"鸡肉馅饼","低胆固醇"
"龙利鱼","低胆固醇"
"芝士汉堡","低胆固醇"
"鸭皮","低胆固醇"
"风干肠","低胆固醇"
"兔肉","低胆固醇"
"鳐鱼","低胆固醇"
"多宝鱼","低胆固醇"
"鸭翅","低胆固醇"
"火鸡胸脯肉","低胆固醇"
"海参","低胆固醇"
"乌龟","低胆固醇"
"蜗牛","低胆固醇"
"青蛙腿","低胆固醇"
"猪血","低胆固醇"
"蒜肠","低胆固醇"
"牛蹄筋","低胆固醇"
"奶疙瘩","低胆固醇"
"杏仁露","低胆固醇"
"虱目鱼","低胆固醇"
"羊肉","低胆固醇"
"塘虱鱼","低胆固醇"
"口蘑","高钾"
"龙井茶","高钾"
"石榴花茶","高钾"
"大豆浓缩蛋白","高钾"
"姜黄粉","高钾"
"红茶","高钾"
"黄豆粉","高钾"
"杏","高钾"
"白笋","高钾"
"绿茶","高钾"
"花茶","高钾"
"刺楸","高钾"
"银耳","高钾"
"香蕉","高钾"
"铁观音茶","高钾"
"葛缕子籽","高钾"
"桂圆","高钾"
"胡椒粉","高钾"
"墨鱼","高钾"
"赤豆","高钾"
"腌龙须菜","高钾"
"咖喱粉","高钾"
"五香粉","高钾"
"鱿鱼","高钾"
"豆蔻","高钾"
"茴香籽","高钾"
"土豆粉","高钾"
"绿豆面","高钾"
"丁香粉","高钾"
"苔菜","高镁"
"湖盐","高镁"
"西瓜子","高镁"
"胡麻子","高镁"
"南瓜子","高镁"
"鲍鱼","高镁"
"黄毛籽","高镁"
"丁香鱼","高镁"
"蛏干","高镁"
"腰果","高镁"
"地衣","高镁"
"虾皮","高镁"
"芥菜干","高镁"
"荞麦","高镁"
"荞麦粉","高镁"
"土盐","高镁"
"芝麻酱","高镁"
"海米","高镁"
"香海螺","高镁"
"紫萼香茶菜","高镁"
"荞麦片","高镁"
"茶砖","高镁"
"珠茶","高镁"
"节瓜","低钠"
"旱酥梨","低钠"
"白砂糖","低钠"
"白玉米面","低钠"
"晚桃","低钠"
"福橘","低钠"
"二锅头","低钠"
"葫芦","低钠"
"黄元帅苹果","低钠"
"雪花梨","低钠"
"海棠果","低钠"
"吊蛋","低钠"
"胡麻油","低钠"
"榆钱","低钠"
"珍珠花菜","低钠"
"红富士苹果","低钠"
"京白梨","低钠"
"高山白桃","低钠"
"杨梅","低钠"
"茶油","低钠"
"南瓜","低钠"
"黄香蕉苹果","低钠"
"香梨","低钠"
"酒枣","低钠"
"红粉皮石榴","低钠"
"橘柑子","低钠"
"粳米","低钠"
"金瓜","低钠"
"苏梅梨","低钠"
"石榴","低钠"
"早橘","低钠"
"白瓜","低钠"
"佛手瓜","低钠"
"韭苔","低钠"
"蒌蒿","低钠"
"巴梨","低钠"
"软梨","低钠"
"鸭广梨","低钠"
"蒲桃","低钠"
"醋栗","低钠"
"富士苹果","低钠"
"盛宴苹果","低钠"
"史密斯奶奶苹果","低钠"
"红星苹果","低钠"
"杏子","低钠"
"黑莓","低钠"
"蓝莓","低钠"
"无花果","低钠"
"柠檬汁","低钠"
"橘汁","低钠"
"芒果","低钠"
"梨","低钠"
"覆盆子","低钠"
"苹果和蓝莓","低钠"
"红安茹梨","低钠"
"茶","低钠"
"李子干","低钠"
"石螺","高钙"
"曲拉","高钙"
"田螺","高钙"
"肉桂","高钙"
"鸡蛋粉","高钙"
"蕨菜","高钙"
"奶皮子","高钙"
"酸酪蛋","高钙"
"螺","高钙"
"豆腐干","高钙"
"切达奶酪","高钙"
"虾头酱","高钙"
"花椒","高钙"
"刺荨麻","高钙"
"素大肠","高钙"
"白米虾","高钙"
"塘水虾","高钙"
"李广杏脯","高钙"
"多春鱼","高钙"
"葡萄叶","高钙"
"羊乳酪","高钙"
"磷虾","高钙"
"胡萝卜缨","高钙"
"珍珠白蘑","高铁"
"木耳","高铁"
"青稞","高铁"
"蛏子","高铁"
"鸭血","高铁"
"河蚌","高铁"
"鸡血","高铁"
"沙鸡","高铁"
"乌骨鸡","高铁"
"秋蛤蜊","高铁"
"黑笋","高铁"
"咖喱牛肉干","高铁"
"羊血","高铁"
"藕粉","高铁"
"髯海豹肉","高铁"
"腐竹","高铁"
"牛肉干","高铁"
"毛蛤蜊","高铁"
"沙棘果汁","高铁"
"刺蛄","高铁"
"大豆分离蛋白","高铁"
"糜子米","高铁"
"生蚝","高锌"
"马肉","高锌"
"扇贝","高锌"
"泥蚶","高锌"
"赤贝","高锌"
"山羊肉","高锌"
"螺蛳","高锌"
"糌粑","高锌"
"牡蛎","高锌"
"香醋","高锌"
"酱牛肉","高锌"
"贻贝","高锌"
"鸡蛋黄粉","高锌"
"双孢蘑菇","高锌"
"大豆蛋白粉","高锌"
"琼脂","高锌"
"羊肉干","高锌"
"野生稻","高锌"
"梭子蟹","高锌"
"珍宝蟹","高锌"
"北美野牛肉","高锌"
"赤小豆","高叶酸"
"葛根","高叶酸"
"裙带菜","高叶酸"
"芦笋","高叶酸"
"藜麦","高叶酸"
"小麦粉","高叶酸"
"海带","高叶酸"
"茼蒿","高叶酸"
"黄豆芽","高叶酸"
